{
    "questions": [
        {
            "qId": 1,
            "questionText": "Which of the following does TypeScript use to specify types?",
            "option1": ":",
            "option2": ";",
            "option3": "!",
            "option4": "&",
            "and_id": "1"
        },
        {
            "qId": 2,
            "questionText": "Which of the following is NOT a type used in TypeScript?",
            "option1": "number",
            "option2": "string",
            "option3": "boolean",
            "option4": "enum",
            "and_id": "2"
        },
        {
            "qId": 3,
            "questionText": "How can we specify properties and methods for an object in TypeScript?",
            "option1": "Use classes.",
            "option2": "Use interfaces.",
            "option3": "Use enums.",
            "option4": "Use",
            "and_id": "3"
        },
        {
            "qId": 4,
            "questionText": "How else can Array<number> be written in TypeScript?",
            "option1": "@number",
            "option2": "number[]",
            "option3": "number!",
            "option4": "number?",
            "and_id": "4"
        },
        {
            "qId": 5,
            "questionText": "In which of these does a class take parameters?",
            "option1": "constructor",
            "option2": "destructor",
            "option3": "import",
            "option4": "subscribe",
            "and_id": "1"
        },
        {
            "qId": 6,
            "questionText": "Which is NOT an access modifier?",
            "option1": "private",
            "option2": "protected",
            "option3": "public",
            "option4": "async",
            "and_id": "2"
        },
        {
            "qId": 7,
            "questionText": "Which keyword allows us to share information between files in TypeScript?",
            "option1": "import",
            "option2": "export",
            "option3": "async",
            "option4": "constructor",
            "and_id": "3"
        },
        {
            "qId": 8,
            "questionText": "Which is an array method to generate a new array based on a condition?",
            "option1": "filter",
            "option2": "map",
            "option3": "async",
            "option4": "enum",
            "and_id": "4"
        },
        {
            "qId": 9,
            "questionText": "How is a property accessible within a class?",
            "option1": "Using this.propertyName",
            "option2": "Accessors",
            "option3": "Destructuring",
            "option4": "Arrow function",
            "and_id": "1"
        }
    ]
}